{"cameraMode":{"drawMode":0,"name":"Shaded","section":"Shading Mode"},"sceneLighting":true,"audioPlay":false,"sceneViewState":{"m_AlwaysRefresh":false,"showFog":true,"showSkybox":true,"showFlares":true,"showImageEffects":true,"showParticleSystems":true,"showVisualEffectGraphs":true,"m_FxEnabled":true},"in2DMode":false,"pivot":{"x":0.43170514702796938,"y":-8.383781433105469,"z":-5.258133888244629},"rotation":{"x":0.0011236066929996014,"y":-0.9322813153266907,"z":0.3618226647377014,"w":0.0031081060878932478},"size":12.982336044311524,"orthographic":false}